dataset,model,eval_metrics/MSE[mean],eval_metrics/MSE[0.5],eval_metrics/MAE[0.5],eval_metrics/MASE[0.5],eval_metrics/MAPE[0.5],eval_metrics/sMAPE[0.5],eval_metrics/MSIS,eval_metrics/RMSE[mean],eval_metrics/NRMSE[mean],eval_metrics/ND[0.5],eval_metrics/mean_weighted_sum_quantile_loss,domain,num_variates
m4_hourly/H/short,feedforward,45902107.619967796,45902107.619967796,1125.990539452496,9.89876334068113,0.8296980558386171,0.32687144502157556,263.98633793100004,6775.10941756425,0.9249519805719636,0.15372256230605785,0.18812276271810716,Econ/Fin,1
bizitobs_l2c/H/short,feedforward,287.4399181547619,287.4399181547619,13.544972253224206,1.2961807002226928,1.3923170057703838,1.0450824555896578,15.69206671021471,16.954053148281737,0.9138668847729162,0.7301086937222508,0.5988312598333272,Web/CloudOps,7
